FAST_WHITE,1,0,0,1,0,0,1,0,1,1,0,0,0,0,1,0,0,1,0,0,1,0,0,0,1,1,0,0,1,0,0,0,1,1,0,0,1,0,0,0,1,1,0,0,0,0,1,0,0,0,1,0,1,0,0,0,1,1,0,0,0,0,1
SLOW_WHITE,1,0,1,0,0,0,1,1,0,1,0,0,0,0,1,0,0,1,0,0,1,0,0,0,1,1,0,0,1,0,0,0,1,0,1,0,0,0,1,0,0,0,1,1,0,1,0,1,0,0,1,1,0,0,0,0,1,1,0,0,0,0,1
SLOW_YELLOW,1,0,1,0,0,0,1,1,0,1,0,0,0,0,1,0,0,1,0,0,1,0,0,0,1,1,0,0,1,0,0,0,1,1,0,0,0,0,1,0,0,0,1,1,0,1,0,1,0,0,1,1,0,0,0,0,1,1,0,0,0,0,1
SLOW_ORANGE,1,0,1,0,0,0,1,1,0,1,0,0,0,0,1,0,0,0,1,0,1,0,0,0,1,1,0,0,1,0,0,0,1,1,0,0,0,0,1,0,0,0,1,1,0,1,0,1,0,0,1,1,0,0,0,0,1,1,0,0,0,0,1
SLOW_TURQUOISE,1,0,1,0,0,0,1,1,0,1,0,0,0,0,1,0,0,1,0,0,1,0,0,0,1,0,1,0,1,0,0,0,1,0,1,0,0,0,1,0,0,0,1,1,0,1,0,1,0,0,1,1,0,0,0,0,1,1,0,0,0,0,1
SLOW_GREEN,1,0,1,0,0,0,1,1,0,1,0,0,0,0,1,0,0,1,0,0,1,0,0,0,1,0,1,0,1,0,0,0,1,1,0,0,0,0,1,0,0,0,1,1,0,1,0,1,0,0,1,1,0,0,0,0,1,1,0,0,0,0,1
SLOW_YELLOW_2,1,0,1,0,0,0,1,1,0,1,0,0,0,0,1,0,0,0,1,0,1,0,0,0,1,0,1,0,1,0,0,0,1,1,0,0,0,0,1,0,0,0,1,1,0,1,0,1,0,0,1,1,0,0,0,0,1,1,0,0,0,0,1
SLOW_WHITE_2,1,0,1,0,0,0,1,1,0,1,0,0,0,0,1,0,0,0,1,0,1,0,0,0,1,0,1,1,0,0,0,0,1,0,1,0,0,0,1,0,0,0,1,1,0,1,0,1,0,0,1,1,0,0,0,0,1,1,0,0,0,0,1
VERY_SLOW_WHITE,1,0,0,1,0,0,1,0,1,1,0,0,0,0,1,0,0,1,0,0,1,0,0,0,1,1,0,0,1,0,0,0,1,1,0,0,1,0,0,0,1,1,0,0,0,0,1,0,0,1,0,1,1,0,0,0,1,1,0,0,0,0,1
LIGHT_BLUE,1,0,1,0,0,0,1,1,0,1,0,0,0,0,1,0,0,0,1,1,0,0,1,0,1,0,1,0,1,0,1,1,0,0,1,0,0,0,1,0,0,0,1,1,0,1,0,1,0,0,1,1,0,0,0,0,1,1,0,0,0,0,1
PINK,1,0,1,0,0,0,1,1,0,1,0,0,0,0,1,0,0,0,1,1,0,0,0,0,1,1,0,1,1,0,0,0,1,0,1,0,0,0,1,0,0,0,1,1,0,1,0,1,0,0,1,1,0,0,0,0,1,1,0,0,0,0,1
WHITISH_BLUE,1,0,1,0,0,0,1,1,0,1,0,0,0,0,1,0,0,0,1,1,0,0,0,0,1,0,1,0,1,0,0,0,1,0,1,0,0,0,1,0,0,0,1,1,0,1,0,1,0,0,1,1,0,0,0,0,1,1,0,0,0,0,1
MAGENTA,1,0,1,0,0,0,1,1,0,1,0,0,0,0,1,0,0,0,0,1,0,0,0,0,1,1,0,1,1,0,0,0,1,0,1,0,0,0,1,0,0,0,1,1,0,1,0,1,0,0,1,1,0,0,0,0,1,1,0,0,0,0,1
MAGENTA_2,1,0,1,0,0,0,1,1,0,1,0,0,0,0,1,0,0,0,1,0,0,0,1,1,0,1,0,0,0,1,1,0,1,0,1,0,0,0,1,0,0,0,1,1,0,1,0,1,0,0,1,1,0,0,0,0,1,1,0,0,0,0,1
MAGENTA_3,1,0,1,0,0,0,1,1,0,1,0,0,0,0,1,0,0,1,0,0,1,0,1,0,1,1,0,0,1,0,1,1,0,0,1,0,0,0,1,0,0,0,1,1,0,1,0,1,0,0,1,1,0,0,0,0,1,1,0,0,0,0,1
PURPLE_FADE,1,0,1,0,0,0,1,1,0,1,0,0,0,0,1,0,0,0,1,1,0,0,0,0,1,1,0,0,1,0,0,0,1,0,1,0,0,0,1,0,0,0,1,0,1,1,0,1,0,0,1,1,0,0,0,0,1,1,0,0,0,0,1
VERY_SLOW_PINK,1,0,0,1,0,0,1,0,1,1,0,0,0,0,1,0,0,0,1,1,0,0,0,0,1,1,0,0,1,0,0,0,1,1,0,0,1,0,0,0,1,1,0,0,0,0,1,0,0,1,0,1,1,0,0,0,1,1,0,0,0,0,1
WHITE_3,1,0,0,1,0,0,1,0,1,1,0,0,0,0,1,0,0,1,0,0,1,0,0,0,1,1,0,0,1,0,0,0,1,1,0,0,1,0,0,0,1,1,0,0,0,0,1,0,0,0,0,1,1,0,0,0,1,1,0,0,0,0,1
YELLOW_INT,1,0,1,0,0,0,1,1,0,1,0,0,0,0,1,0,0,0,1,1,0,0,0,0,1,1,0,0,1,0,0,0,1,0,1,0,0,0,1,0,0,0,1,0,1,1,0,1,0,0,1,1,0,0,0,0,1,1,0,0,0,0,1
YELLOW_INT_2,1,0,0,0,0,0,0,0,0,0,1,1,0,0,1,0,1,0,1,0,1,0,0,0,1,0,0,0,1,0,1,0,0,1,0,0,1,1,0,0,0,0,1,1,0,0,0,0,1
YELLOW_INT_3,1,1,0,0,1,0,1,0,1,1,0,0,0,0,1,0,0,0,1,0,1,0,0,1,0,0,1,1,0,0,0,0,1,1,0,0,0,0,1
YELLOW_INT_4,1,0,1,0,1,1,0,0,1,1,0,0,0,0,1,0,0,0,1,1,0,0,0,1,0,0,0,1,1,0,0,0,1,1,0,0,0,0,1
PINK_INT,1,0,1,0,0,0,1,1,0,1,0,0,0,0,1,0,0,1,0,1,0,0,0,0,1,1,0,0,1,0,0,0,1,0,1,0,0,0,1
PINK_INT_2,1,0,1,0,0,0,1,1,0,1,0,0,0,0,1,0,0,0,1,1,0,0,0,0,1,1,0,0,1,0,0,0,1,0,1,0,0,0,1
LIGHT_BLUE_INT,1,0,1,0,0,0,1,1,0,1,0,0,0,0,1,0,0,1,0,1,0,0,1,0,1,0,1,0,1,0,1,1,0,0,1,0,0,0,1
BLUE_INT,1,0,1,0,0,0,1,1,0,1,0,0,0,0,1,0,0,1,0,1,0,0,1,1,0,1,0,0,1,0,1,0,1,0,1,0,0,0,1
RED_INT,1,1,0,0,1,0,1,0,0,0,1,0,0,0,1,0,0,0,1,1,0,1,0,1,0,0,1,1,0,0,0,0,1,1,0,0,0,0,1
RED_INT_2,1,1,1,1,1,1,1,1,1,0,1,0,0,1,0,1,0,0,0,1,0,0,0,1,0,0,0,1,1,0,1,0,1,0,0,1,1,0,0,0,0,1,1,0,0,0,0,1
GREEN_INT,1,0,1,0,1,1,0,0,1,1,0,0,0,0,1,0,0,1,0,1,1,0,0,1,0,0,1,1,0,0,0,0,1,1,0,0,0,0,1
YELLOWGREEN_INT,1,0,1,0,1,1,0,0,1,1,0,0,0,0,1,0,0,1,0,1,1,0,0,1,0,1,0,1,0,0,0,0,1,1,0,0,0,0,1
YELLOWGREEN_INT_2,1,0,1,0,1,1,0,0,1,1,0,0,0,0,1,0,0,0,1,0,1,0,0,1,0,0,1,0,1,0,0,0,1,1,0,0,0,0,1
ORANGE_INT,1,0,1,0,1,1,0,0,1,1,0,0,0,0,1,0,0,1,0,1,1,0,0,1,0,0,1,1,0,0,0,0,1,1,0,0,0,0,1
ORANGE_INT_2,1,0,1,0,1,1,0,0,1,1,0,0,0,0,1,0,0,0,1,0,1,0,0,1,0,1,0,0,1,0,0,0,1,1,0,0,0,0,1
REDORANGE_INT,1,0,1,0,1,1,0,0,1,1,0,0,0,0,1,0,0,0,0,1,1,0,0,1,0,1,0,0,1,0,0,0,1,1,0,0,0,0,1
REDORANGE_INT_2,1,0,1,0,1,1,0,0,1,1,0,0,0,0,1,0,0,0,1,1,0,0,0,1,0,1,0,1,1,0,0,0,1,1,0,0,0,0,1
GREEN_INT_2,1,1,0,0,1,0,1,0,1,1,0,0,0,0,1,0,0,1,0,0,1,0,0,1,0,0,1,1,0,0,0,0,1,1,0,0,0,0,1
GREEN_INT_3,1,1,0,0,1,0,1,0,1,0,1,0,0,0,1,0,0,1,0,0,1,0,0,1,0,0,1,1,0,0,0,0,1,1,0,0,0,0,1
GREEN_INT_4,1,1,0,0,1,0,1,0,1,0,1,0,0,0,1,0,0,1,0,0,1,0,0,1,0,0,1,1,0,0,0,0,1,1,0,0,0,0,1
LIGHT_GREEN_INT,1,0,1,0,1,1,0,0,1,1,0,0,0,0,1,0,0,1,0,0,1,0,0,1,0,1,0,0,1,0,0,0,1,0,0,1,0,0,1
LIGHT_GREEN_INT_2,1,0,1,0,1,1,0,0,1,1,0,0,0,0,1,0,0,1,0,0,1,0,0,1,0,1,0,0,1,0,0,0,1,0,1,0,0,0,1
GREEN_INT_5_DIM,1,0,1,0,1,1,0,0,1,1,0,0,0,0,1,0,0,1,0,0,0,1,0,1,0,0,0,1,0,0,0,0,1,1,0,0,0,0,1
GREEN_INT_6,1,0,1,0,1,1,0,0,1,1,0,0,0,0,1,0,0,1,0,0,1,0,0,1,0,0,0,1,1,0,0,0,1,1,0,0,0,0,1
GREEN_INT_7,1,0,1,0,1,1,0,0,1,1,0,0,0,0,1,0,0,1,0,0,1,0,0,1,0,0,1,0,1,0,0,0,1,1,0,0,0,0,1
GREEN_INT_8,1,0,1,0,1,1,0,0,1,1,0,0,0,0,1,0,0,1,0,0,1,0,0,1,0,1,0,0,1,0,0,0,1,1,0,0,0,0,1
GREEN_INT_9,1,0,1,0,0,0,1,0,1,0,1,0,0,1,1,0,1,0,0,1,0,1,1,0,0,1,0,1,0,0,0,0,1,1,0,0,0,0,1
YELLOWORANGE_INT_1,1,0,1,0,1,1,0,0,1,1,0,0,0,0,1,0,0,1,0,1,0,0,0,1,0,1,0,1,1,0,0,0,1,1,0,0,0,0,1
LIGHT_TURQUOISE_INT,1,0,1,0,1,1,0,0,1,1,0,0,0,0,1,0,0,1,0,1,1,0,0,1,0,0,1,1,0,0,0,0,1,0,1,0,0,0,1
YELLOWORANGE_INT_2,1,0,1,0,0,0,1,1,0,1,0,0,0,0,1,0,0,1,0,1,0,0,0,0,1,1,0,0,1,0,0,0,1,1,0,0,0,0,1
WHITISH_INT,1,0,1,0,0,0,1,1,0,1,0,0,0,0,1,0,0,1,0,1,0,0,0,0,1,1,0,0,1,0,0,0,1,0,0,1,0,0,1
WHITISH_INT_LONG,1,0,1,0,0,0,1,1,0,0,1,1,0,1,1,0,0,1,0,1,0,0,0,0,1,1,0,0,1,0,1,1,0,0,0,1,1,0,1
WHITISH_INT_2,1,0,1,0,0,0,1,1,0,0,1,0,0,0,1,0,0,1,0,1,0,0,0,0,1,1,0,0,1,0,0,0,1,0,1,0,0,0,1
WHITISH_INT_LONG_2,1,0,1,0,0,0,1,1,0,0,1,1,0,1,1,0,0,1,0,1,0,0,0,0,1,1,0,0,1,0,1,1,0,1,0,1,1,0,1
BLUE_INT_2,1,0,1,0,0,0,1,1,0,0,1,0,0,0,1,0,0,1,0,1,0,0,1,1,0,1,0,0,1,0,1,0,1,0,1,0,0,0,1
YELLOW_INT_6,1,0,1,0,0,0,1,1,0,0,1,0,0,0,1,0,0,1,0,1,0,0,0,0,1,1,0,0,1,0,0,0,1,1,0,0,0,0,1
YELLOW_INT_7,1,0,1,0,0,0,1,1,0,0,1,0,0,0,1,0,0,1,0,1,0,0,1,0,1,1,0,0,1,0,1,1,0,1,0,0,0,0,1
TEST              ,1,0,1,0,0,0,1,1,0,9,9,9,0,9,1,0,0,1,0,1,0,0,9,9,9,1,0,0,1,0,9,9,9,9,9,9,9,0,1
DIM_BLUE_INT,1,0,1,0,0,0,1,1,0,1,0,0,0,0,1,0,0,1,0,1,0,0,1,1,0,1,0,0,1,0,1,0,1,0,0,1,0,0,1
DIM_RED_INT,1,0,1,0,0,0,1,1,0,1,0,0,0,0,1,0,0,1,0,1,0,0,1,1,0,1,0,0,1,0,1,0,1,1,0,0,0,0,1
DIM_RED_INT_2,1,0,1,0,0,0,1,1,0,0,1,0,0,0,1,0,0,1,0,1,0,0,1,1,0,1,0,0,1,0,1,0,1,1,0,0,0,0,1
WHITEISH_INT_3,1,1,0,0,1,0,1,0,1,1,0,0,0,0,1,0,0,0,1,0,1,0,0,1,0,0,1,1,0,0,0,0,1,0,1,0,0,0,1
WHITEISH_INT_4,1,0,1,0,0,0,1,1,0,0,1,0,0,0,1,0,0,1,0,1,0,0,1,0,1,1,0,0,1,0,1,1,0,0,1,0,0,0,1
MAGENTA_INT,1,0,1,0,1,1,0,0,1,1,0,0,0,0,1,0,0,0,1,1,0,0,0,1,0,1,0,1,1,0,0,0,1,0,1,0,0,0,1
NEW_YELLOW_INT_MAYBE,1,0,1,0,0,0,1,1,0,1,0,0,0,0,1,0,0,1,0,1,0,0,0,0,1,1,0,0,1,0,0,0,1,1,0,0,0,0,0,1
OLD_GREEN_BLINK,1,0,1,0,1,1,0,0,1,1,0,1,0,0,1,0,0,1,0,0,1,0,0,1,0,0,1,1,0,0,0,0,1,1,0,0,0,0,1
OLD_GREEN_BLINK_2,1,0,1,0,1,1,0,0,1,1,0,0,1,0,1,0,0,1,0,1,0,0,0,1,0,0,1,1,0,0,0,0,1,1,0,0,0,0,1
OLD_REDORANGE_BLINK,1,0,1,0,1,1,0,0,1,1,0,0,0,0,1,1,0,1,0,0,0,1,0,1,0,0,0,1,0,0,0,1,0,1,0,0,0,0,1
OLD_BLUE_BLINK,1,0,1,0,0,1,0,0,1,1,0,1,0,0,1,0,0,1,0,1,0,1,0,1,0,0,0,1,0,0,0,0,1,0,1,1,0,0,1
OLD_YELLOW_BLINK,1,0,1,0,0,0,1,1,0,0,0,1,0,0,1,0,0,1,0,1,0,0,0,0,1,1,0,0,1,0,0,0,1,1,0,0,0,0,1
OLD_YELLOW_BLINK_2,1,0,1,0,0,0,1,1,0,0,0,1,0,0,1,0,0,1,0,1,0,0,1,0,1,1,0,0,1,0,1,1,0,1,0,0,0,0,1
NEW_LIGHT_BLUE_2,1,0,1,0,0,0,0,1,0,1,0,0,0,1,1,0,0,1,0,0,1,0,0,0,1,0,1,0,1,0,0,0,1,0,1,0,0,0,1,0,0,0,0,1,1,0,0,1,0,0,1,1,0,0,0,0,1,1,0,0,0,0,1
NEW_GREEN_TO_TURQUOISE_FADE_ONCE,1,0,1,0,0,0,1,0,1,0,1,1,0,1,1,0,0,1,0,0,1,0,0,0,1,0,1,0,1,0,0,0,1,0,1,0,0,0,0,1,0,0,1,0,1,1,0,1,0,0,1,1,0,0,0,0,1,1,0,0,0,0,1
NEW_RANDOM_COLOR_MAYBE_ONCE,1,0,1,0,0,0,0,1,0,0,1,1,0,0,1,0,0,1,0,0,1,0,0,0,1,0,1,0,1,0,0,0,1,0,1,0,0,0,1,0,1,1,1,1,1,0,0,1,0,0,1,1,0,0,0,0,1,1,0,0,0,0,1
NEW_LIGHT_BLUE_3,1,0,1,0,0,0,1,1,0,1,0,0,0,1,1,0,0,1,0,0,1,1,0,1,0,1,0,0,1,0,1,0,1,0,1,0,0,0,1,0,0,0,1,1,0,1,0,1,0,0,1,1,0,0,0,0,1,1,0,0,0,0,1
NEW_RED_RAND_BLINK_1,1,1,1,1,1,0,1,0,0,1,0,1,0,0,0,1,0,0,0,1,0,0,0,1,1,0,1,0,1,0,0,1,1,0,0,0,0,1,1,0,0,0,0,1
NEW_RANDOM_FADE,1,0,1,0,0,0,1,1,0,1,0,0,0,0,1,0,1,0,0,1,0,0,0,1,0,1,0,1,1,0,0,1,0,0,1,0,0,0,1,0,0,0,1,1,0,1,0,1,0,0,1,1,0,0,0,0,1,1,0,0,0,0,1
NEW_RANDOM_COLOR_SOMETIMES,1,0,1,0,0,0,1,1,0,1,0,0,0,0,1,0,1,0,0,1,0,0,1,0,0,0,1,0,1,0,1,1,0,0,1,0,0,0,1,0,0,0,1,0,1,1,0,1,0,0,1,1,0,0,0,0,1,1,0,0,0,0,1
NEW_RANDOM_COLOR_SOMETIMES_2,1,0,1,0,0,0,1,1,0,1,0,0,0,0,1,0,1,0,0,1,0,0,1,0,0,1,0,0,1,0,1,1,0,0,1,0,0,0,1,0,0,0,1,0,1,1,0,1,0,0,1,1,0,0,0,0,1,1,0,0,0,0,1
NEW_RANDOM_RED_OR_ORANGE_OR_WHITE,1,0,1,0,0,0,1,1,0,1,0,0,0,0,1,0,1,0,0,1,0,0,1,0,0,1,0,1,1,0,1,1,0,0,1,0,0,0,1,0,0,0,1,1,0,1,0,1,0,0,1,1,0,0,0,0,1,1,0,0,0,0,1
NEW_RANDOM_RED_WHITE,1,0,1,0,0,0,1,1,0,1,0,0,0,0,1,0,1,0,0,1,1,0,1,0,0,0,1,0,0,0,1,1,0,0,1,0,0,0,1,0,0,0,1,0,1,1,0,1,0,0,1,1,0,0,0,0,1,1,0,0,0,0,1
NEW_RANDOM_COLOR_SOMETIMES_3,1,0,1,0,0,0,1,1,0,1,0,0,0,0,1,0,1,0,0,1,0,0,1,1,0,0,1,0,1,0,1,0,0,0,1,0,0,0,1,0,0,0,1,0,1,1,0,1,0,0,1,1,0,0,0,0,1,1,0,0,0,0,1
NEW_RANDOM_COLOR_SOMETIMES_4,1,0,1,0,0,0,1,1,0,1,0,0,0,0,1,0,1,0,0,1,1,0,0,1,0,0,0,1,0,0,0,1,0,0,1,0,0,0,1,0,0,0,1,1,0,1,0,1,0,0,1,1,0,0,0,0,1,1,0,0,0,0,1
NEW_RANDOM_COLOR_SOMETIMES_5,1,0,1,0,0,0,1,1,0,1,0,0,0,0,1,0,1,0,0,1,1,0,0,1,0,0,1,0,0,0,0,1,0,0,1,0,0,0,1,0,0,0,1,0,1,1,0,1,0,0,1,1,0,0,0,0,1,1,0,0,0,0,1
NEW_RANDOM_COLOR_SOMETIMES_6,1,0,1,0,0,0,1,1,0,1,0,0,0,0,1,0,1,0,0,1,1,0,0,1,0,0,1,1,0,0,0,1,0,0,1,0,0,0,1,0,0,0,1,1,0,1,0,1,0,0,1,1,0,0,0,0,1,1,0,0,0,0,1
NEW_RANDOM_COLOR_SOMETIMES_7,1,0,1,0,0,0,1,1,0,1,0,0,0,0,1,0,1,0,0,1,1,0,1,0,0,0,1,0,1,0,1,1,0,0,1,0,0,0,1,0,0,0,1,0,0,1,0,1,0,0,1,1,0,0,0,0,1,1,0,0,0,0,1
NEW_RANDOM_COLOR_SOMETIMES_8,1,0,1,0,0,0,1,1,0,1,0,0,0,0,1,0,1,0,0,1,1,0,1,0,0,0,1,1,0,0,1,1,0,0,1,0,0,0,1,0,0,0,1,1,0,1,0,1,0,0,1,1,0,0,0,0,1,1,0,0,0,0,1
NEW_RED_WHITE_RATE_LIMITED,1,0,1,0,0,0,1,1,0,1,0,0,0,0,1,0,1,0,0,1,1,0,1,1,0,1,0,0,0,0,1,0,0,0,1,0,0,0,1,0,0,0,1,0,1,1,0,1,0,0,1,1,0,0,0,0,1,1,0,0,0,0,1
OLD_GREEN_INT_5,1,0,1,0,1,1,0,0,1,1,0,1,0,0,1,0,0,1,0,1,1,0,0,1,0,0,0,1,0,0,0,0,1,1,0,0,0,0,1
OLD_RED_INT_3,1,0,1,0,0,0,1,1,0,1,0,0,0,0,1,0,0,1,1,1,1,1,0,0,1,1,0,0,1,0,1,0,0,0,1,0,0,0,1,0,0,0,1,1,0,1,0,1,0,0,1,1,0,0,0,0,1,1,0,0,0,0,1
OLD_QUICK_TURQUOISE,1,0,1,0,0,0,0,1,0,0,0,1,0,0,1,0,0,1,0,0,1,0,0,0,1,0,1,0,1,0,0,0,1,0,1,0,0,0,1
OLD_QUICK_TURQUOISE_2,1,0,1,0,0,0,0,1,0,1,0,1,0,0,1,0,0,1,0,0,1,0,0,0,1,0,1,0,1,0,0,0,1,0,1,0,0,0,1
OLD_WHITE_THEN_RED,1,0,1,0,0,0,0,1,0,1,0,0,1,0,1,0,0,1,0,0,1,0,0,0,1,1,0,0,1,0,0,0,1,0,1,0,0,0,1,0,0,0,1,1,0,1,0,1,0,0,1,1,0,0,0,0,1,1,0,0,0,0,1
OLD_TURQUOISE_THEN_ORANGE,1,0,1,0,0,0,1,1,0,0,0,1,0,1,1,0,0,1,0,0,1,0,0,0,1,0,1,0,1,0,0,0,1,0,1,0,0,0,1,0,0,0,1,0,0,0,0,1,0,0,1,1,0,0,0,0,1,1,0,0,0,0,1
OLD_GREEN_THEN_YELLOW,1,0,1,0,0,0,1,0,0,0,0,1,0,1,1,0,0,1,0,0,1,0,0,0,1,0,1,0,1,0,0,0,1,0,1,0,0,0,1,1,0,0,1,0,0,1,0,1,0,0,1,1,0,0,0,0,1,1,0,0,0,0,1
OLD_TURQUOISE_THEN_YELLOW,1,0,1,0,0,0,1,1,0,0,0,1,0,0,1,0,0,1,0,0,1,0,0,0,1,0,1,0,1,0,0,0,1,0,1,0,0,0,1,0,0,1,0,0,0,1,0,1,0,0,1,1,0,0,0,0,1,1,0,0,0,0,1
OLD_TURQUOISE_THEN_RED,1,0,1,0,0,0,0,1,0,1,0,0,1,0,1,0,0,1,0,0,1,0,0,0,1,0,1,0,1,0,0,0,1,0,1,0,0,0,1,0,0,0,1,1,0,1,0,1,0,0,1,1,0,0,0,0,1,1,0,0,0,0,1
OLD_YELLOW_THEN_OFF,1,0,1,1,0,0,1,0,1,1,0,0,0,0,1,1,0,0,1,0,0,0,0,1,0,0,1,1,0,0,0,0,1,1,0,0,0,0,1
OLD_GREEN_THEN_OFF,1,0,1,0,0,0,1,1,0,1,0,0,0,0,1,1,0,1,0,0,1,0,0,1,0,0,1,1,0,0,0,0,1,1,0,0,0,0,1
OLD_YELLOW_INT_5,1,0,1,0,0,0,1,1,0,1,0,0,0,0,1,1,0,0,1,0,1,0,0,1,0,0,1,1,0,0,0,0,1,1,0,0,0,0,1
OLD_GREEN_MOTION,1,0,1,0,0,0,0,1,0,0,1,0,0,1,1,0,0,1,0,0,1,0,0,0,1,0,1,0,1,0,0,0,1,1,0,0,0,0,1,0,0,0,0,1,1,0,0,1,0,0,1,1,0,0,0,0,1,1,0,0,0,0,1
OLD_TURQUOISE_MOTION,1,0,1,0,0,0,0,1,0,0,1,0,0,1,1,0,0,1,0,0,1,0,0,0,1,0,1,0,1,0,0,0,1,0,1,0,0,0,1,0,0,0,0,1,1,0,0,1,0,0,1,1,0,0,0,0,1,1,0,0,0,0,1
OLD_TURQUOISE_MOTION_2,1,0,1,0,0,0,0,1,0,0,1,0,0,1,1,0,0,1,0,0,1,0,0,0,1,0,1,0,1,0,1,1,0,0,1,0,0,0,0,1,0,0,0,1,0,0,0,1,0,0,1,1,0,0,0,0,1,1,0,0,0,0,1
OLD_DIM_WHITE,1,0,1,0,0,0,1,1,0,1,0,0,0,0,1,0,1,0,0,1,1,0,1,1,0,0,0,1,0,0,1,0,0,0,1,0,0,0,1
TURQUOISE_MOTION,1,0,1,0,0,0,0,1,0,0,1,0,0,1,1,0,0,1,0,0,1,0,0,0,1,0,1,0,1,0,0,0,1,0,1,0,0,0,1,0,0,1,0,1,1,0,0,1,0,0,1,1,0,0,0,0,1,1,0,0,0,0,1
RAINBOW_MOTION,1,0,1,0,0,0,1,0,1,0,1,0,0,0,1,0,1,0,0,1,0,0,0,1,0,0,1,1,0,0,0,0,1,1,0,0,0,0,1
WEIRD_1,1,0,1,0,0,0,1,0,0,0,0,1,1,0,1,0,0,1,0,0,1,0,0,0,1,0,1,0,1,0,0,0,1,0,1,0,0,0,1,1,0,1,1,1,1,1,0,1,0,0,1,1,0,0,0,0,1,1,0,0,0,0,1
WEIRD_2,1,0,1,0,0,0,1,0,0,0,0,1,1,0,1,0,0,0,1,0,1,0,0,0,1,0,1,0,1,0,0,0,1,0,1,0,0,0,1,1,0,1,1,1,1,1,0,1,0,0,1,1,0,0,0,0,1,1,0,0,0,0,1
WEIRD_3,1,0,1,0,0,0,1,0,1,0,0,1,1,0,1,0,0,1,0,1,1,0,0,0,1,0,1,0,1,0,0,0,1,0,1,0,1,0,0,1,0,1,1,1,1,1,0,1,0,0,1,1,0,0,0,0,1,1,0,0,0,0,1
WEIRD_4,1,0,1,0,0,0,1,0,1,1,0,0,0,0,1,0,1,0,0,1,0,0,0,1,0,0,1,1,0,0,0,0,1,1,0,0,0,0,1
WEIRD_5,1,0,1,0,0,0,1,0,1,1,0,0,0,0,1,0,1,1,0,1,0,0,0,1,0,0,1,1,0,0,0,0,1,1,0,0,0,0,1
WEIRD_8,1,0,1,0,0,0,1,0,1,0,1,1,0,0,1,0,1,0,0,1,0,0,0,1,0,0,1,1,0,0,0,0,1,1,0,0,0,0,1
WEIRD_9,1,0,1,0,0,0,1,0,1,0,0,1,0,0,1,0,1,0,0,1,0,0,0,1,0,0,1,1,0,0,0,0,1,1,0,0,0,0,1
WEIRD_28,1,0,1,0,0,0,1,1,0,1,0,0,0,0,1,0,1,0,0,1,0,0,0,1,0,0,1,0,1,0,0,1,0,0,1,0,0,0,1
WEIRD_29,1,0,1,0,0,0,1,1,0,1,0,0,0,0,1,0,1,0,0,1,0,0,1,0,0,0,0,1,1,0,1,1,0,0,1,0,0,0,1
WEIRD_30,1,0,1,0,0,0,1,1,0,1,0,0,0,0,1,0,1,0,0,1,0,0,1,0,0,0,1,0,1,0,1,1,0,0,1,0,0,0,1
WEIRD_31,1,0,1,0,0,0,1,1,0,1,0,0,0,0,1,0,1,0,0,1,0,0,1,0,0,1,0,0,1,0,1,1,0,0,1,0,0,0,1
WEIRD_32,1,0,1,0,0,0,1,1,0,1,0,0,0,0,1,0,1,0,0,1,0,0,1,1,0,0,1,0,1,0,1,0,0,0,1,0,0,0,1
WEIRD_33,1,0,1,0,0,0,1,1,0,1,0,0,0,0,1,0,1,0,0,1,0,0,1,1,0,1,0,0,1,0,1,0,0,0,1,0,0,0,1
WEIRD_34,1,0,1,0,0,0,1,1,0,1,0,0,0,0,1,0,1,0,0,1,0,1,1,0,0,0,1,0,1,1,0,1,0,0,1,0,0,0,1
WEIRD_35,1,0,1,0,0,0,1,1,0,1,0,0,0,0,1,0,1,0,0,1,0,1,1,0,0,1,0,0,1,1,0,1,0,0,1,0,0,0,1
WEIRD_36,1,0,1,0,0,0,1,1,0,1,0,0,0,0,1,0,1,0,0,1,1,0,0,1,0,0,0,1,0,0,0,1,0,0,1,0,0,0,1
WEIRD_37,1,0,1,0,0,0,1,1,0,1,0,0,0,0,1,0,1,0,0,1,1,0,1,0,0,0,0,1,0,0,1,1,0,0,1,0,0,0,1
WEIRD_38,1,0,1,0,0,0,1,1,0,1,0,0,0,0,1,0,1,0,0,1,1,0,1,0,0,1,0,0,0,0,1,1,0,0,1,0,0,0,1
WEIRD_39,1,0,1,0,0,0,1,1,0,1,0,0,0,0,1,0,1,0,0,1,1,0,1,0,0,0,1,0,0,0,1,1,0,0,1,0,0,0,1
WEIRD_41,1,0,1,0,0,0,1,1,0,1,0,0,0,0,1,0,1,0,0,1,1,0,1,1,0,0,1,0,0,0,1,0,0,0,1,0,0,0,1
WEIRD_42,1,0,1,0,0,0,1,1,0,1,0,0,0,0,1,0,1,0,0,1,1,0,1,1,0,1,0,0,0,0,1,0,0,0,1,0,0,0,1
WEIRD_51,1,0,1,0,0,0,1,1,0,1,0,0,0,0,1,0,1,0,1,0,1,0,1,0,0,0,0,1,0,0,1,1,0,0,1,0,0,0,1
WEIRD_43,1,0,1,0,0,0,1,1,0,1,0,0,0,0,1,0,1,0,1,0,0,0,1,1,0,0,0,1,1,0,1,0,0,0,1,0,0,0,1
WEIRD_44,1,0,1,0,0,0,1,1,0,1,0,0,0,0,1,0,1,0,1,0,0,0,1,1,0,1,0,1,1,0,1,0,0,0,1,0,0,0,1
WEIRD_45,1,0,1,0,0,0,1,1,0,1,0,0,0,0,1,0,1,0,1,0,0,0,0,1,0,0,0,1,1,0,0,1,0,0,1,0,0,0,1
WEIRD_46,1,0,1,0,0,0,1,1,0,1,0,0,0,0,1,0,1,0,1,0,0,0,0,1,0,1,0,1,1,0,0,1,0,0,1,0,0,0,1
WEIRD_47,1,0,1,0,0,0,1,1,0,1,0,0,0,0,1,0,1,0,1,0,0,0,1,0,0,0,0,1,1,0,1,1,0,0,1,0,0,0,1
WEIRD_48,1,0,1,0,0,0,1,1,0,1,0,0,0,0,1,0,1,0,1,0,0,0,1,0,0,1,0,1,1,0,1,1,0,0,1,0,0,0,1
WEIRD_49,1,0,1,0,0,0,1,1,0,1,0,0,0,0,1,0,1,0,1,0,1,0,0,1,0,0,0,1,0,0,0,1,0,0,1,0,0,0,1
WEIRD_50,1,0,1,0,0,0,1,1,0,1,0,0,0,0,1,0,1,0,1,0,1,0,0,1,0,0,1,1,0,0,0,1,0,0,1,0,0,0,1
WEIRD_52,1,0,1,0,0,0,1,1,0,1,0,0,0,0,1,0,1,0,1,0,1,0,1,0,0,1,0,1,0,0,1,1,0,0,1,0,0,0,1
WEIRD_53,1,0,1,0,0,0,1,1,0,1,0,0,0,0,1,0,1,0,1,0,1,0,1,1,0,0,0,1,0,0,1,0,0,0,1,0,0,0,1
WEIRD_54,1,0,1,0,0,0,1,1,0,1,0,0,0,0,1,0,1,0,1,0,1,0,1,1,0,0,1,1,0,0,1,0,0,0,1,0,0,0,1
WEIRD_55,1,0,1,0,0,0,1,1,0,1,0,0,0,0,1,0,1,0,1,0,1,0,1,1,0,1,0,1,0,0,1,0,0,0,1,0,0,0,1
WEIRD_56,1,0,1,0,0,0,1,1,0,1,0,0,0,0,1,0,1,0,1,0,1,1,0,1,0,0,0,1,0,1,1,0,0,0,1,0,0,0,1
WEIRD_57,1,0,1,0,0,0,1,1,0,1,0,0,0,0,1,0,1,0,1,0,1,1,0,1,0,0,1,1,0,1,1,0,0,0,1,0,0,0,1
WEIRD_58,1,0,1,0,0,0,1,1,0,1,0,0,0,0,1,0,1,0,1,0,1,1,0,1,0,1,0,1,0,1,1,0,0,0,1,0,0,0,1
WEIRD_59,1,0,1,0,0,0,1,1,0,1,0,0,0,0,1,0,1,0,1,1,0,0,0,1,0,0,1,0,1,0,0,1,0,0,1,0,0,0,1
WEIRD_60,1,0,1,0,0,0,1,1,0,1,0,0,0,0,1,0,1,0,1,1,0,0,0,1,0,1,0,0,1,0,0,1,0,0,1,0,0,0,1
WEIRD_61,1,0,1,0,0,0,1,1,0,1,0,0,0,0,1,0,1,0,1,1,0,0,1,0,0,0,1,0,1,0,1,1,0,0,1,0,0,0,1
WEIRD_62,1,0,1,0,0,0,1,1,0,1,0,0,0,0,1,0,1,0,1,1,0,0,1,1,0,0,1,0,1,0,1,0,0,0,1,0,0,0,1
WEIRD_63,1,0,1,0,0,0,1,1,0,1,0,0,0,0,1,0,1,0,1,1,0,0,1,1,0,1,0,0,1,0,1,0,0,0,1,0,0,0,1
WEIRD_64,1,0,1,0,0,0,1,1,0,1,0,0,0,0,1,0,1,0,1,1,0,1,1,0,0,0,1,0,1,1,0,1,0,0,1,0,0,0,1
WEIRD_65,1,0,1,0,0,0,1,1,0,1,0,0,0,0,1,0,1,0,1,1,0,1,1,0,0,1,0,0,1,1,0,1,0,0,1,0,0,0,1
WEIRD_66,1,0,1,0,0,0,1,1,0,1,0,0,0,0,1,0,1,1,0,0,0,0,1,0,0,0,0,1,1,0,1,1,0,0,1,0,0,0,1
WEIRD_67,1,0,1,0,0,0,1,1,0,1,0,0,0,0,1,0,1,1,0,0,0,0,1,0,0,1,0,1,1,0,1,1,0,0,1,0,0,0,1
WEIRD_68,1,0,1,0,0,0,1,1,0,1,0,0,0,0,1,0,1,1,0,0,0,0,1,1,0,0,0,1,1,0,1,0,0,0,1,0,0,0,1
WEIRD_69,1,0,1,0,0,0,1,1,0,1,0,0,0,0,1,0,1,1,0,0,0,0,1,1,0,1,0,1,1,0,1,0,0,0,1,0,0,0,1
WEIRD_70,1,0,1,0,0,0,1,1,0,1,0,0,0,0,1,0,1,1,0,0,1,0,0,1,0,0,1,1,0,0,0,1,0,0,1,0,0,0,1
WEIRD_71,1,0,1,0,0,0,1,1,0,1,0,0,0,0,1,0,1,1,0,0,1,0,0,1,0,1,0,1,0,0,0,1,0,0,1,0,0,0,1
WEIRD_72,1,0,1,0,0,0,1,1,0,1,0,0,0,0,1,0,1,1,0,0,1,0,1,0,0,0,0,1,0,0,1,1,0,0,1,0,0,0,1
WEIRD_73,1,0,1,0,0,0,1,1,0,1,0,0,0,0,1,0,1,1,0,0,1,0,1,0,0,0,1,1,0,0,1,1,0,0,1,0,0,0,1
WEIRD_74,1,0,1,0,0,0,1,1,0,1,0,0,0,0,1,0,1,1,0,0,1,0,1,0,0,1,0,1,0,0,1,1,0,0,1,0,0,0,1
WEIRD_75,1,0,1,0,0,0,1,1,0,1,0,0,0,0,1,0,1,1,0,0,1,0,1,1,0,0,0,1,0,0,1,0,0,0,1,0,0,0,1
WEIRD_76,1,0,1,0,0,0,1,1,0,1,0,0,0,0,1,0,1,1,0,0,1,0,1,1,0,0,1,1,0,0,1,0,0,0,1,0,0,0,1
WEIRD_77,1,0,1,0,0,0,1,1,0,1,0,0,0,0,1,0,1,1,0,0,1,0,1,1,0,1,0,1,0,0,1,0,0,0,1,0,0,0,1
WEIRD_78,1,0,1,0,0,0,1,1,0,1,0,0,0,0,1,0,1,1,0,0,1,1,0,1,0,0,0,1,0,1,1,0,0,0,1,0,0,0,1
WEIRD_79,1,0,1,0,0,0,1,1,0,1,0,0,0,0,1,0,1,1,0,0,1,1,0,1,0,0,1,1,0,1,1,0,0,0,1,0,0,0,1
WEIRD_80,1,0,1,0,0,0,1,1,0,1,0,0,0,0,1,0,1,1,0,1,0,0,0,1,0,0,1,0,1,0,0,1,0,0,1,0,0,0,1
WEIRD_81,1,0,1,0,0,0,1,1,0,1,0,0,0,0,1,0,1,1,0,1,0,0,0,1,0,1,0,0,1,0,0,1,0,0,1,0,0,0,1
WEIRD_82,1,0,1,0,0,0,1,1,0,1,0,0,0,0,1,0,1,1,0,1,0,0,1,0,0,0,1,0,1,0,1,1,0,0,1,0,0,0,1
WEIRD_83,1,0,1,0,0,0,1,1,0,1,0,0,0,0,1,0,1,1,0,1,0,0,1,0,0,1,0,0,1,0,1,1,0,0,1,0,0,0,1
WEIRD_84,1,0,1,0,0,0,1,1,0,1,0,0,0,0,1,0,1,1,0,1,0,0,1,1,0,0,1,0,1,0,1,0,0,0,1,0,0,0,1
WEIRD_85,1,0,1,0,0,0,1,1,0,1,0,0,0,0,1,0,1,1,0,1,0,0,1,1,0,1,0,0,1,0,1,0,0,0,1,0,0,0,1
WEIRD_86,1,0,1,0,0,0,1,1,0,1,0,0,0,0,1,0,1,1,0,1,0,1,1,0,0,0,1,0,1,1,0,1,0,0,1,0,0,0,1
WEIRD_87,1,0,1,0,0,0,1,1,0,1,0,0,0,0,1,0,1,1,0,1,0,1,1,0,0,1,0,0,1,1,0,1,0,0,1,0,0,0,1
WEIRD_88,1,0,1,0,0,0,1,1,0,1,0,0,0,0,1,0,1,1,0,1,1,0,0,1,0,0,1,0,0,0,0,1,0,0,1,0,0,0,1
WEIRD_89,1,0,1,0,0,0,1,1,0,1,0,0,0,0,1,0,1,1,0,1,1,0,1,0,0,0,1,0,0,0,1,1,0,0,1,0,0,0,1
WEIRD_90,1,0,1,0,0,0,1,1,0,1,0,0,0,0,1,0,1,1,0,1,1,0,1,1,0,0,1,0,0,0,1,0,0,0,1,0,0,0,1
WEIRD_91,1,0,1,0,0,0,1,1,0,1,0,0,0,0,1,0,1,1,0,1,1,0,1,1,0,1,0,0,0,0,1,0,0,0,1,0,0,0,1
WEIRD_92,1,0,1,0,0,0,1,1,0,1,0,0,0,0,1,0,1,1,0,1,1,0,1,0,0,1,0,0,0,0,1,1,0,0,1,0,0,0,1
WEIRD_93,1,0,1,0,0,0,1,1,0,1,0,0,0,0,1,0,1,0,0,1,0,0,0,1,0,0,0,1,1,0,0,1,0,0,1,0,0,0,1
WEIRD_100,1,0,1,0,0,0,1,1,0,1,0,0,0,0,1,0,1,0,0,1,0,0,1,1,0,0,0,1,1,0,1,0,0,0,1,0,0,0,1
SPECIAL_RANDOM_SLOW_FADE,1,0,1,0,0,0,1,1,0,1,0,0,0,0,1,0,1,0,0,1,0,0,0,1,0,1,0,0,1,0,0,1,0,0,1,0,0,0,1
WEIRD_110,1,0,1,0,0,0,1,0,0,0,1,1,0,0,1,0,1,0,0,1,0,1,0,1,0,0,1,1,0,0,0,0,1,1,0,0,0,0,1
WEIRD_111,1,0,1,0,0,0,1,0,0,0,1,1,0,0,1,0,1,0,0,1,0,1,0,1,0,1,0,1,0,0,0,0,1,1,0,0,0,0,1
WEIRD_112,1,0,1,0,0,0,1,0,0,1,0,1,0,0,1,0,1,0,0,1,0,1,0,1,0,0,1,1,0,0,0,0,1,1,0,0,0,0,1
WEIRD_113,1,0,1,0,0,0,1,0,1,0,0,1,0,0,1,0,1,0,0,1,0,0,0,1,0,0,1,1,0,0,0,0,1,1,0,0,0,0,1
WEIRD_115,1,0,1,0,0,0,1,0,1,1,0,0,0,1,1,0,1,0,0,1,0,1,1,0,0,0,1,1,0,0,0,0,1,1,0,0,0,0,1
RED_INT_OLD_DIM_1,1,0,1,0,0,0,1,0,0,1,0,0,1,0,1,0,1,0,0,1,0,1,0,1,0,0,0,1,0,0,0,0,1,1,0,0,0,0,1
RED_INT_OLD_LONG_1,1,0,1,0,0,0,1,0,0,1,0,0,1,0,1,0,1,0,0,1,0,1,0,1,0,1,0,1,0,0,0,0,1,1,0,0,0,0,1
SOMETIMES_RANDOM_COLOR_NEW,1,0,1,0,0,0,1,0,1,0,0,1,0,1,1,0,1,0,0,1,0,1,1,0,0,1,0,1,0,0,0,0,1,1,0,0,0,0,1
WEIRD_114,1,0,1,0,0,0,1,0,1,0,1,1,0,0,1,0,1,0,0,1,0,0,0,1,0,0,0,1,0,0,0,0,1,1,0,0,0,0,1
QUICK_RANDOM_INT,1,0,1,0,0,0,1,0,1,1,0,1,0,0,1,0,1,0,0,1,0,0,0,1,0,0,0,1,0,0,0,0,1,1,0,0,0,0,1
NEW_FADE_PRESET_COLOR,1,0,1,0,0,1,0,0,1,0,1,1,0,0,1,0,0,1,0,1,0,1,0,1,0,0,0,1,0,0,0,0,1,1,0,1,0,0,1
NEW_FADE_PRESET_COLOR_2,1,0,1,0,0,1,0,0,1,0,1,1,0,0,1,0,0,1,0,1,0,1,0,1,0,0,0,1,0,0,0,0,1,0,1,1,0,0,1
